[
{"action":"insert","table":"colors","rows":
[
{"id":"1","color_group":"Chrome","color_name":"Chrome"},
{"id":"2","color_group":"Classic","color_name":"Black"},
{"id":"3","color_group":"Classic","color_name":"Carbon Black"},
{"id":"4","color_group":"Classic","color_name":"Graphite"},
{"id":"5","color_group":"Classic","color_name":"Anthracite Black"},
{"id":"6","color_group":"Classic","color_name":"Black Steel"},
{"id":"7","color_group":"Classic","color_name":"Dark Steel"},
{"id":"8","color_group":"Classic","color_name":"Silver"},
{"id":"9","color_group":"Classic","color_name":"Bluish Silver"},
{"id":"10","color_group":"Classic","color_name":"Rolled Steel"},
{"id":"11","color_group":"Classic","color_name":"Shadow Silver"},
{"id":"12","color_group":"Classic","color_name":"Midnight Silver"},
{"id":"13","color_group":"Classic","color_name":"Cast Iron Silver"},
{"id":"14","color_group":"Classic","color_name":"Red"},
{"id":"15","color_group":"Classic","color_name":"Torino Red"},
{"id":"16","color_group":"Classic","color_name":"Forumula Red"},
{"id":"17","color_group":"Classic","color_name":"Lava Red"},
{"id":"18","color_group":"Classic","color_name":"Blaze Red"},
{"id":"19","color_group":"Classic","color_name":"Grace Red"},
{"id":"20","color_group":"Classic","color_name":"Garnet Red"},
{"id":"21","color_group":"Classic","color_name":"Sunset Red"},
{"id":"22","color_group":"Classic","color_name":"Cabernet Red"},
{"id":"23","color_group":"Classic","color_name":"Wine Red"},
{"id":"24","color_group":"Classic","color_name":"Candy Red"},
{"id":"25","color_group":"Classic","color_name":"Hot Pink"},
{"id":"26","color_group":"Classic","color_name":"Pfister Pink"},
{"id":"27","color_group":"Classic","color_name":"Salmon Pink"},
{"id":"28","color_group":"Classic","color_name":"Sunrise Orange"},
{"id":"29","color_group":"Classic","color_name":"Orange"},
{"id":"30","color_group":"Classic","color_name":"Bright Orange"},
{"id":"31","color_group":"Classic","color_name":"Gold"},
{"id":"32","color_group":"Classic","color_name":"Bronze"},
{"id":"33","color_group":"Classic","color_name":"Yellow"},
{"id":"34","color_group":"Classic","color_name":"Race Yellow"},
{"id":"35","color_group":"Classic","color_name":"Dew Yellow"},
{"id":"36","color_group":"Classic","color_name":"Dark Green"},
{"id":"37","color_group":"Classic","color_name":"Racing Green"},
{"id":"38","color_group":"Classic","color_name":"Sea Green"},
{"id":"39","color_group":"Classic","color_name":"Olive Green"},
{"id":"40","color_group":"Classic","color_name":"Bright Green"},
{"id":"41","color_group":"Classic","color_name":"Gasoline Green"},
{"id":"42","color_group":"Classic","color_name":"Lime Green"},
{"id":"43","color_group":"Classic","color_name":"Midnight Blue"},
{"id":"44","color_group":"Classic","color_name":"Galaxy Blue"},
{"id":"45","color_group":"Classic","color_name":"Dark Blue"},
{"id":"46","color_group":"Classic","color_name":"Saxon Blue"},
{"id":"47","color_group":"Classic","color_name":"Blue"},
{"id":"48","color_group":"Classic","color_name":"Mariner Blue"},
{"id":"49","color_group":"Classic","color_name":"Harbor Blue"},
{"id":"50","color_group":"Classic","color_name":"Diamond Blue"},
{"id":"51","color_group":"Classic","color_name":"Surf Blue"},
{"id":"52","color_group":"Classic","color_name":"Nautical Blue"},
{"id":"53","color_group":"Classic","color_name":"Racaing Blue"},
{"id":"54","color_group":"Classic","color_name":"Ultra Blue"},
{"id":"55","color_group":"Classic","color_name":"Light Blue"},
{"id":"56","color_group":"Classic","color_name":"Chocolate Brown"},
{"id":"57","color_group":"Classic","color_name":"Bison Brown"},
{"id":"58","color_group":"Classic","color_name":"Creek Brown"},
{"id":"59","color_group":"Classic","color_name":"Feltzer Brown"},
{"id":"60","color_group":"Classic","color_name":"Maple Brown"},
{"id":"61","color_group":"Classic","color_name":"Beechwood Brown"},
{"id":"62","color_group":"Classic","color_name":"Sienna Brown"},
{"id":"63","color_group":"Classic","color_name":"Saddle Brown"},
{"id":"64","color_group":"Classic","color_name":"Moss Brown"},
{"id":"65","color_group":"Classic","color_name":"Woodbeech Brown"},
{"id":"66","color_group":"Classic","color_name":"Straw Brown"},
{"id":"67","color_group":"Classic","color_name":"Sandy Brown"},
{"id":"68","color_group":"Classic","color_name":"Bleached Brown"},
{"id":"69","color_group":"Classic","color_name":"Schafter Purple"},
{"id":"70","color_group":"Classic","color_name":"Spinnaker Purple"},
{"id":"71","color_group":"Classic","color_name":"Midnight Purple"},
{"id":"72","color_group":"Classic","color_name":"Bright Purple"},
{"id":"73","color_group":"Classic","color_name":"Cream"},
{"id":"74","color_group":"Classic","color_name":"Ice White"},
{"id":"75","color_group":"Classic","color_name":"Frost White"},
{"id":"76","color_group":"Matte","color_name":"Black"},
{"id":"77","color_group":"Matte","color_name":"Gray"},
{"id":"78","color_group":"Matte","color_name":"Light Gray"},
{"id":"79","color_group":"Matte","color_name":"Ice White"},
{"id":"80","color_group":"Matte","color_name":"Blue"},
{"id":"81","color_group":"Matte","color_name":"Dark Blue"},
{"id":"82","color_group":"Matte","color_name":"Midnight Blue"},
{"id":"83","color_group":"Matte","color_name":"Midnight Purple"},
{"id":"84","color_group":"Matte","color_name":"Shafter Purple"},
{"id":"85","color_group":"Matte","color_name":"Red"},
{"id":"86","color_group":"Matte","color_name":"Dark Red"},
{"id":"87","color_group":"Matte","color_name":"Orange"},
{"id":"88","color_group":"Matte","color_name":"Yellow"},
{"id":"89","color_group":"Matte","color_name":"Lime Green"},
{"id":"90","color_group":"Matte","color_name":"Green"},
{"id":"91","color_group":"Matte","color_name":"Forest Green"},
{"id":"92","color_group":"Matte","color_name":"Foliage Green"},
{"id":"93","color_group":"Matte","color_name":"Olive Drag"},
{"id":"94","color_group":"Matte","color_name":"Dark Earch"},
{"id":"95","color_group":"Matte","color_name":"Desert Tan"},
{"id":"96","color_group":"Metallic","color_name":"Black"},
{"id":"97","color_group":"Metallic","color_name":"Carbon Black"},
{"id":"98","color_group":"Metallic","color_name":"Graphite"},
{"id":"99","color_group":"Metallic","color_name":"Anthracite Black"},
{"id":"100","color_group":"Metallic","color_name":"Black Steel"},
{"id":"101","color_group":"Metallic","color_name":"Dark Steel"},
{"id":"102","color_group":"Metallic","color_name":"Silver"},
{"id":"103","color_group":"Metallic","color_name":"Bluish Silver"},
{"id":"104","color_group":"Metallic","color_name":"Rolled Steel"},
{"id":"105","color_group":"Metallic","color_name":"Shadow Silver"},
{"id":"106","color_group":"Metallic","color_name":"Stone Silver"},
{"id":"107","color_group":"Metallic","color_name":"Midnight Silver"},
{"id":"108","color_group":"Metallic","color_name":"Cast Iron Silver"},
{"id":"109","color_group":"Metallic","color_name":"Red"},
{"id":"110","color_group":"Metallic","color_name":"Torino Red"},
{"id":"111","color_group":"Metallic","color_name":"Formula Red"},
{"id":"112","color_group":"Metallic","color_name":"Lava Red"},
{"id":"113","color_group":"Metallic","color_name":"Blaze Red"},
{"id":"114","color_group":"Metallic","color_name":"Grace Red"},
{"id":"115","color_group":"Metallic","color_name":"Garnet Red"},
{"id":"116","color_group":"Metallic","color_name":"Sunset Red"},
{"id":"117","color_group":"Metallic","color_name":"Cabernet Red"},
{"id":"118","color_group":"Metallic","color_name":"Wine Red"},
{"id":"119","color_group":"Metallic","color_name":"Candy Red"},
{"id":"120","color_group":"Metallic","color_name":"Hot Pink"},
{"id":"121","color_group":"Metallic","color_name":"Pfister Pink"},
{"id":"122","color_group":"Metallic","color_name":"Salmon Pink"},
{"id":"123","color_group":"Metallic","color_name":"Sunrise Orange"},
{"id":"124","color_group":"Metallic","color_name":"Orange"},
{"id":"125","color_group":"Metallic","color_name":"Bright Orange"},
{"id":"126","color_group":"Metallic","color_name":"Gold Bronze"},
{"id":"127","color_group":"Metallic","color_name":"Yellow"},
{"id":"128","color_group":"Metallic","color_name":"Race Yellow"},
{"id":"129","color_group":"Metallic","color_name":"Dew Yellow"},
{"id":"130","color_group":"Metallic","color_name":"Dark Green"},
{"id":"131","color_group":"Metallic","color_name":"Racing Green"},
{"id":"132","color_group":"Metallic","color_name":"Sea Green"},
{"id":"133","color_group":"Metallic","color_name":"Olive Green"},
{"id":"134","color_group":"Metallic","color_name":"Bright Green"},
{"id":"135","color_group":"Metallic","color_name":"Gasoline Green"},
{"id":"136","color_group":"Metallic","color_name":"Lime Green"},
{"id":"137","color_group":"Metallic","color_name":"Midnight Blue"},
{"id":"138","color_group":"Metallic","color_name":"Galazy BLue"},
{"id":"139","color_group":"Metallic","color_name":"Dark Blue"},
{"id":"140","color_group":"Metallic","color_name":"Saxon Blue"},
{"id":"141","color_group":"Metallic","color_name":"Blue"},
{"id":"142","color_group":"Metallic","color_name":"Mariner Bue"},
{"id":"143","color_group":"Metallic","color_name":"Harbor Blue"},
{"id":"144","color_group":"Metallic","color_name":"Diamond BLue"},
{"id":"145","color_group":"Metallic","color_name":"Surf Blue"},
{"id":"146","color_group":"Metallic","color_name":"Nauical Blue"},
{"id":"147","color_group":"Metallic","color_name":"Racing Blue"},
{"id":"148","color_group":"Metallic","color_name":"Ultra Blue"},
{"id":"149","color_group":"Metallic","color_name":"Light Blue"},
{"id":"150","color_group":"Metallic","color_name":"Chocolate Brown"},
{"id":"151","color_group":"Metallic","color_name":"Bison Brown"},
{"id":"152","color_group":"Metallic","color_name":"Creek Brown"},
{"id":"153","color_group":"Metallic","color_name":"Feltzer Brown"},
{"id":"154","color_group":"Metallic","color_name":"Maple Brown"},
{"id":"155","color_group":"Metallic","color_name":"Beechwood Brown"},
{"id":"156","color_group":"Metallic","color_name":"Sienna Brown"},
{"id":"157","color_group":"Metallic","color_name":"Saddle Brown"},
{"id":"158","color_group":"Metallic","color_name":"Moss Brown"},
{"id":"159","color_group":"Metallic","color_name":"Woodbeech Brown"},
{"id":"160","color_group":"Metallic","color_name":"Straw Brown"},
{"id":"161","color_group":"Metallic","color_name":"Sandy BRown"},
{"id":"162","color_group":"Metallic","color_name":"Bleached Brown"},
{"id":"163","color_group":"Metallic","color_name":"Schafter Purple"},
{"id":"164","color_group":"Metallic","color_name":"Spinnaker Purple"},
{"id":"165","color_group":"Metallic","color_name":"Midnight Purple"},
{"id":"166","color_group":"Metallic","color_name":"Bright Purple"},
{"id":"167","color_group":"Metallic","color_name":"Cream"},
{"id":"168","color_group":"Metallic","color_name":"Ice White"},
{"id":"169","color_group":"Metallic","color_name":"Frost White"},
{"id":"170","color_group":"Metals","color_name":"Brushed Steel"},
{"id":"171","color_group":"Metals","color_name":"Brushed Black Steel"},
{"id":"172","color_group":"Metals","color_name":"Brushed Aluminium"},
{"id":"173","color_group":"Metals","color_name":"Pure Gold"},
{"id":"174","color_group":"Metals","color_name":"Brushed Gold"},
{"id":"175","color_group":"Pearlescent","color_name":"Black"},
{"id":"176","color_group":"Pearlescent","color_name":"Carbon Black"},
{"id":"177","color_group":"Pearlescent","color_name":"Graphite"},
{"id":"178","color_group":"Pearlescent","color_name":"Anthracite Black"},
{"id":"179","color_group":"Pearlescent","color_name":"Black Steel"},
{"id":"180","color_group":"Pearlescent","color_name":"Dark Steel"},
{"id":"181","color_group":"Pearlescent","color_name":"Silver"},
{"id":"182","color_group":"Pearlescent","color_name":"Bluish Silver"},
{"id":"183","color_group":"Pearlescent","color_name":"Rolled Steel"},
{"id":"184","color_group":"Pearlescent","color_name":"Shadow Silver"},
{"id":"185","color_group":"Pearlescent","color_name":"Stone Silver"},
{"id":"186","color_group":"Pearlescent","color_name":"Midnight Silver"},
{"id":"187","color_group":"Pearlescent","color_name":"Cast Iron Silver"},
{"id":"188","color_group":"Pearlescent","color_name":"Red"},
{"id":"189","color_group":"Pearlescent","color_name":"Torino Red"},
{"id":"190","color_group":"Pearlescent","color_name":"Formula Red"},
{"id":"191","color_group":"Pearlescent","color_name":"Lava Red"},
{"id":"192","color_group":"Pearlescent","color_name":"Blaze Red"},
{"id":"193","color_group":"Pearlescent","color_name":"Grace Red"},
{"id":"194","color_group":"Pearlescent","color_name":"Garnet Red"},
{"id":"195","color_group":"Pearlescent","color_name":"Sunset Red"},
{"id":"196","color_group":"Pearlescent","color_name":"Cabernet Red"},
{"id":"197","color_group":"Pearlescent","color_name":"Wine Red"},
{"id":"198","color_group":"Pearlescent","color_name":"Candy Red"},
{"id":"199","color_group":"Pearlescent","color_name":"Hot Pink"},
{"id":"200","color_group":"Pearlescent","color_name":"Pfister Pink"},
{"id":"201","color_group":"Pearlescent","color_name":"Salmon Pink"},
{"id":"202","color_group":"Pearlescent","color_name":"Sunrise Orange"},
{"id":"203","color_group":"Pearlescent","color_name":"Orange"},
{"id":"204","color_group":"Pearlescent","color_name":"Bright Orange"},
{"id":"205","color_group":"Pearlescent","color_name":"Gold Bronze"},
{"id":"206","color_group":"Pearlescent","color_name":"Yellow"},
{"id":"207","color_group":"Pearlescent","color_name":"Race Yellow"},
{"id":"208","color_group":"Pearlescent","color_name":"Dew Yellow"},
{"id":"209","color_group":"Pearlescent","color_name":"Dark Green"},
{"id":"210","color_group":"Pearlescent","color_name":"Racing Green"},
{"id":"211","color_group":"Pearlescent","color_name":"Sea Green"},
{"id":"212","color_group":"Pearlescent","color_name":"Olive Green"},
{"id":"213","color_group":"Pearlescent","color_name":"Bright Green"},
{"id":"214","color_group":"Pearlescent","color_name":"Gasoline Green"},
{"id":"215","color_group":"Pearlescent","color_name":"Lime Green"},
{"id":"216","color_group":"Pearlescent","color_name":"Midnight Blue"},
{"id":"217","color_group":"Pearlescent","color_name":"Galazy BLue"},
{"id":"218","color_group":"Pearlescent","color_name":"Dark Blue"},
{"id":"219","color_group":"Pearlescent","color_name":"Saxon Blue"},
{"id":"220","color_group":"Pearlescent","color_name":"Blue"},
{"id":"221","color_group":"Pearlescent","color_name":"Mariner Bue"},
{"id":"222","color_group":"Pearlescent","color_name":"Harbor Blue"},
{"id":"223","color_group":"Pearlescent","color_name":"Diamond BLue"},
{"id":"224","color_group":"Pearlescent","color_name":"Surf Blue"},
{"id":"225","color_group":"Pearlescent","color_name":"Nauical Blue"},
{"id":"226","color_group":"Pearlescent","color_name":"Racing BLue"},
{"id":"227","color_group":"Pearlescent","color_name":"Ultra BLue"},
{"id":"228","color_group":"Pearlescent","color_name":"Light BLue"},
{"id":"229","color_group":"Pearlescent","color_name":"Chocolate Brown"},
{"id":"230","color_group":"Pearlescent","color_name":"Bison Brown"},
{"id":"231","color_group":"Pearlescent","color_name":"Creek Brown"},
{"id":"232","color_group":"Pearlescent","color_name":"Feltzer Brown"},
{"id":"233","color_group":"Pearlescent","color_name":"Maple Brown"},
{"id":"234","color_group":"Pearlescent","color_name":"Beechwood Brown"},
{"id":"235","color_group":"Pearlescent","color_name":"Sienna Brown"},
{"id":"236","color_group":"Pearlescent","color_name":"Saddle Brown"},
{"id":"237","color_group":"Pearlescent","color_name":"Moss Brown"},
{"id":"238","color_group":"Pearlescent","color_name":"Woodbeech Brown"},
{"id":"239","color_group":"Pearlescent","color_name":"Straw Brown"},
{"id":"240","color_group":"Pearlescent","color_name":"Sandy Brown"},
{"id":"241","color_group":"Pearlescent","color_name":"Bleached Brown"},
{"id":"242","color_group":"Pearlescent","color_name":"Schafter Purple"},
{"id":"243","color_group":"Pearlescent","color_name":"Spinnaker Purple"},
{"id":"244","color_group":"Pearlescent","color_name":"Midnight Purple"},
{"id":"245","color_group":"Pearlescent","color_name":"Bright Purple"},
{"id":"246","color_group":"Pearlescent","color_name":"Cream"},
{"id":"247","color_group":"Pearlescent","color_name":"Ice White"},
{"id":"248","color_group":"Pearlescent","color_name":"Frost White"}
]
}
,{"action":"insert","table":"departments","rows":
[
{"department_id":"1","department_name":"Communications","department_short_name":"SAECOMM","department_long_name":"San Andreas Emergency Communications","allow_department":"0"},
{"department_id":"2","department_name":"State","department_short_name":"SASP","department_long_name":"San Andreas State Police","allow_department":"0"},
{"department_id":"3","department_name":"Highway","department_short_name":"SAHP","department_long_name":"San Andreas Highway Patrol","allow_department":"0"},
{"department_id":"4","department_name":"Sheriff","department_short_name":"BCSO","department_long_name":"Blaine County Sheriffs' Office","allow_department":"0"},
{"department_id":"5","department_name":"Police","department_short_name":"SAPD","department_long_name":"San Andreas Police Department","allow_department":"0"},
{"department_id":"6","department_name":"Fire","department_short_name":"SAFD","department_long_name":"San Andreas Fire Department","allow_department":"0"},
{"department_id":"7","department_name":"EMS","department_short_name":"SAEMS","department_long_name":"San Andreas Emergency Services","allow_department":"0"},
{"department_id":"8","department_name":"Civilian","department_short_name":"SACS","department_long_name":"San Andreas Civilian Services","allow_department":"0"},
{"department_id":"9","department_name":"Roadside Assistance","department_short_name":"SARA","department_long_name":"San Andreas Roadside Assistance","allow_department":"0"}
]
}
,{"action":"insert","table":"streets","rows":
[
{"id":"1","name":"Abattoir Avenue","county":"Los Santos County"},
{"id":"2","name":"Abe Milton Parkway","county":"Los Santos County"},
{"id":"3","name":"Ace Jones Drive","county":"Los Santos County"},
{"id":"4","name":"Adam's Apple Boulevard","county":"Los Santos County"},
{"id":"5","name":"Aguja Street","county":"Los Santos County"},
{"id":"6","name":"Alta Place","county":"Los Santos County"},
{"id":"7","name":"Alta Street","county":"Los Santos County"},
{"id":"8","name":"Amarillo Vista","county":"Los Santos County"},
{"id":"9","name":"Amarillo Way","county":"Los Santos County"},
{"id":"10","name":"Americano Way","county":"Los Santos County"},
{"id":"11","name":"Atlee Street","county":"Los Santos County"},
{"id":"12","name":"Autopia Parkway","county":"Los Santos County"},
{"id":"13","name":"Banham Canyon Drive","county":"Los Santos County"},
{"id":"14","name":"Barbareno Road","county":"Los Santos County"},
{"id":"15","name":"Bay City Avenue","county":"Los Santos County"},
{"id":"16","name":"Bay City Incline","county":"Los Santos County"},
{"id":"17","name":"Baytree Canyon Road (City)","county":"Los Santos County"},
{"id":"18","name":"Boulevard Del Perro","county":"Los Santos County"},
{"id":"19","name":"Bridge Street","county":"Los Santos County"},
{"id":"20","name":"Brouge Avenue","county":"Los Santos County"},
{"id":"21","name":"Buccaneer Way","county":"Los Santos County"},
{"id":"22","name":"Buen Vino Road","county":"Los Santos County"},
{"id":"23","name":"Caesars Place","county":"Los Santos County"},
{"id":"24","name":"Calais Avenue","county":"Los Santos County"},
{"id":"25","name":"Capital Boulevard","county":"Los Santos County"},
{"id":"26","name":"Carcer Way","county":"Los Santos County"},
{"id":"27","name":"Carson Avenue","county":"Los Santos County"},
{"id":"28","name":"Chum Street","county":"Los Santos County"},
{"id":"29","name":"Chupacabra Street","county":"Los Santos County"},
{"id":"30","name":"Clinton Avenue","county":"Los Santos County"},
{"id":"31","name":"Cockingend Drive","county":"Los Santos County"},
{"id":"32","name":"Conquistador Street","county":"Los Santos County"},
{"id":"33","name":"Cortes Street","county":"Los Santos County"},
{"id":"34","name":"Cougar Avenue","county":"Los Santos County"},
{"id":"35","name":"Covenant Avenue","county":"Los Santos County"},
{"id":"36","name":"Cox Way","county":"Los Santos County"},
{"id":"37","name":"Crusade Road","county":"Los Santos County"},
{"id":"38","name":"Davis Avenue","county":"Los Santos County"},
{"id":"39","name":"Decker Street","county":"Los Santos County"},
{"id":"40","name":"Didion Drive","county":"Los Santos County"},
{"id":"41","name":"Dorset Drive","county":"Los Santos County"},
{"id":"42","name":"Dorset Place","county":"Los Santos County"},
{"id":"43","name":"Dry Dock Street","county":"Los Santos County"},
{"id":"44","name":"Dunstable Drive","county":"Los Santos County"},
{"id":"45","name":"Dunstable Lane","county":"Los Santos County"},
{"id":"46","name":"Dutch London Street","county":"Los Santos County"},
{"id":"47","name":"Eastbourne Way","county":"Los Santos County"},
{"id":"48","name":"East Galileo Avenue","county":"Los Santos County"},
{"id":"49","name":"East Mirror Drive","county":"Los Santos County"},
{"id":"50","name":"Eclipse Boulevard","county":"Los Santos County"},
{"id":"51","name":"Edwood Way","county":"Los Santos County"},
{"id":"52","name":"Elgin Avenue","county":"Los Santos County"},
{"id":"53","name":"El Burro Boulevard","county":"Los Santos County"},
{"id":"54","name":"El Rancho Boulevard","county":"Los Santos County"},
{"id":"55","name":"Equality Way","county":"Los Santos County"},
{"id":"56","name":"Exceptionalists Way","county":"Los Santos County"},
{"id":"57","name":"Fantastic Place","county":"Los Santos County"},
{"id":"58","name":"Fenwell Place","county":"Los Santos County"},
{"id":"59","name":"Forum Drive","county":"Los Santos County"},
{"id":"60","name":"Fudge Lane","county":"Los Santos County"},
{"id":"61","name":"Galileo Road","county":"Los Santos County"},
{"id":"62","name":"Gentry Lane","county":"Los Santos County"},
{"id":"63","name":"Ginger Street","county":"Los Santos County"},
{"id":"64","name":"Glory Way","county":"Los Santos County"},
{"id":"65","name":"Goma Street","county":"Los Santos County"},
{"id":"66","name":"Greenwich Parkway","county":"Los Santos County"},
{"id":"67","name":"Greenwich Place","county":"Los Santos County"},
{"id":"68","name":"Greenwich Way","county":"Los Santos County"},
{"id":"69","name":"Grove Street","county":"Los Santos County"},
{"id":"70","name":"Hanger Way","county":"Los Santos County"},
{"id":"71","name":"Hangman Avenue","county":"Los Santos County"},
{"id":"72","name":"Hardy Way","county":"Los Santos County"},
{"id":"73","name":"Hawick Avenue","county":"Los Santos County"},
{"id":"74","name":"Heritage Way","county":"Los Santos County"},
{"id":"75","name":"Hillcrest Avenue","county":"Los Santos County"},
{"id":"76","name":"Hillcrest Ridge Access Road","county":"Los Santos County"},
{"id":"77","name":"Imagination Court","county":"Los Santos County"},
{"id":"78","name":"Industry Passage","county":"Los Santos County"},
{"id":"79","name":"Ineseno Road","county":"Los Santos County"},
{"id":"80","name":"Integrity Way","county":"Los Santos County"},
{"id":"81","name":"Invention Court","county":"Los Santos County"},
{"id":"82","name":"Innocence Boulevard","county":"Los Santos County"},
{"id":"83","name":"Jamestown Street","county":"Los Santos County"},
{"id":"84","name":"Kimble Hill Drive","county":"Los Santos County"},
{"id":"85","name":"Kortz Drive","county":"Los Santos County"},
{"id":"86","name":"Labor Place","county":"Los Santos County"},
{"id":"87","name":"Laguna Place","county":"Los Santos County"},
{"id":"88","name":"Lake Vinewood Drive","county":"Los Santos County"},
{"id":"89","name":"Las Lagunas Boulevard","county":"Los Santos County"},
{"id":"90","name":"Liberty Street","county":"Los Santos County"},
{"id":"91","name":"Lindsay Circus","county":"Los Santos County"},
{"id":"92","name":"Little Bighorn Avenue","county":"Los Santos County"},
{"id":"93","name":"Low Power Street","county":"Los Santos County"},
{"id":"94","name":"Macdonald Street","county":"Los Santos County"},
{"id":"95","name":"Mad Wayne Thunder Drive","county":"Los Santos County"},
{"id":"96","name":"Magellan Avenue","county":"Los Santos County"},
{"id":"97","name":"Marathon Avenue","county":"Los Santos County"},
{"id":"98","name":"Marlowe Drive","county":"Los Santos County"},
{"id":"99","name":"Melanoma Street","county":"Los Santos County"},
{"id":"100","name":"Meteor Street","county":"Los Santos County"},
{"id":"101","name":"Milton Road","county":"Los Santos County"},
{"id":"102","name":"Mirror Park Boulevard","county":"Los Santos County"},
{"id":"103","name":"Mirror Place","county":"Los Santos County"},
{"id":"104","name":"Morningwood Boulevard","county":"Los Santos County"},
{"id":"105","name":"Mount Haan Drive","county":"Los Santos County"},
{"id":"106","name":"Mount Haan Road","county":"Los Santos County"},
{"id":"107","name":"Mount Vinewood Drive","county":"Los Santos County"},
{"id":"108","name":"Movie Star Way","county":"Los Santos County"},
{"id":"109","name":"Mutiny Road","county":"Los Santos County"},
{"id":"110","name":"New Empire Way","county":"Los Santos County"},
{"id":"111","name":"Nikola Avenue","county":"Los Santos County"},
{"id":"112","name":"Nikola Place","county":"Los Santos County"},
{"id":"113","name":"Normandy Drive","county":"Los Santos County"},
{"id":"114","name":"North Archer Avenue","county":"Los Santos County"},
{"id":"115","name":"North Conker Avenue","county":"Los Santos County"},
{"id":"116","name":"North Sheldon Avenue","county":"Los Santos County"},
{"id":"117","name":"North Rockford Drive","county":"Los Santos County"},
{"id":"118","name":"Occupation Avenue","county":"Los Santos County"},
{"id":"119","name":"Orchardville Avenue","county":"Los Santos County"},
{"id":"120","name":"Palomino Avenue","county":"Los Santos County"},
{"id":"121","name":"Peaceful Street","county":"Los Santos County"},
{"id":"122","name":"Perth Street","county":"Los Santos County"},
{"id":"123","name":"Picture Perfect Drive","county":"Los Santos County"},
{"id":"124","name":"Plaice Place","county":"Los Santos County"},
{"id":"125","name":"Playa Vista","county":"Los Santos County"},
{"id":"126","name":"Popular Street","county":"Los Santos County"},
{"id":"127","name":"Portola Drive","county":"Los Santos County"},
{"id":"128","name":"Power Street","county":"Los Santos County"},
{"id":"129","name":"Prosperity Street","county":"Los Santos County"},
{"id":"130","name":"Prosperity Street Promenade","county":"Los Santos County"},
{"id":"131","name":"Red Desert Avenue","county":"Los Santos County"},
{"id":"132","name":"Richman Street","county":"Los Santos County"},
{"id":"133","name":"Rockford Drive","county":"Los Santos County"},
{"id":"134","name":"Roy Lowenstein Boulevard","county":"Los Santos County"},
{"id":"135","name":"Rub Street","county":"Los Santos County"},
{"id":"136","name":"Sam Austin Drive","county":"Los Santos County"},
{"id":"137","name":"San Andreas Avenue","county":"Los Santos County"},
{"id":"138","name":"Sandcastle Way","county":"Los Santos County"},
{"id":"139","name":"San Vitus Boulevard","county":"Los Santos County"},
{"id":"140","name":"Senora Road","county":"Los Santos County"},
{"id":"141","name":"Shank Street","county":"Los Santos County"},
{"id":"142","name":"Signal Street","county":"Los Santos County"},
{"id":"143","name":"Sinner Street","county":"Los Santos County"},
{"id":"144","name":"Sinners Passage","county":"Los Santos County"},
{"id":"145","name":"South Arsenal Street","county":"Los Santos County"},
{"id":"146","name":"South Boulevard Del Perro","county":"Los Santos County"},
{"id":"147","name":"South Mo Milton Drive","county":"Los Santos County"},
{"id":"148","name":"South Rockford Drive","county":"Los Santos County"},
{"id":"149","name":"South Shambles Street","county":"Los Santos County"},
{"id":"150","name":"Spanish Avenue","county":"Los Santos County"},
{"id":"151","name":"Steele Way","county":"Los Santos County"},
{"id":"152","name":"Strangeways Drive","county":"Los Santos County"},
{"id":"153","name":"Strawberry Avenue","county":"Los Santos County"},
{"id":"154","name":"Supply Street","county":"Los Santos County"},
{"id":"155","name":"Sustancia Road","county":"Los Santos County"},
{"id":"156","name":"Swiss Street","county":"Los Santos County"},
{"id":"157","name":"Tackle Street","county":"Los Santos County"},
{"id":"158","name":"Tangerine Street","county":"Los Santos County"},
{"id":"159","name":"Tongva Drive","county":"Los Santos County"},
{"id":"160","name":"Tower Way","county":"Los Santos County"},
{"id":"161","name":"Tug Street","county":"Los Santos County"},
{"id":"162","name":"Utopia Gardens","county":"Los Santos County"},
{"id":"163","name":"Vespucci Boulevard","county":"Los Santos County"},
{"id":"164","name":"Vinewood Boulevard","county":"Los Santos County"},
{"id":"165","name":"Vinewood Park Drive","county":"Los Santos County"},
{"id":"166","name":"Vitus Street","county":"Los Santos County"},
{"id":"167","name":"Voodoo Place","county":"Los Santos County"},
{"id":"168","name":"West Eclipse Boulevard","county":"Los Santos County"},
{"id":"169","name":"West Galileo Avenue","county":"Los Santos County"},
{"id":"170","name":"West Mirror Drive","county":"Los Santos County"},
{"id":"171","name":"Whispymound Drive","county":"Los Santos County"},
{"id":"172","name":"Wild Oats Drive","county":"Los Santos County"},
{"id":"173","name":"York Street","county":"Los Santos County"},
{"id":"174","name":"Zancudo Barranca","county":"LOS Santos"},
{"id":"175","name":"Algonquin Boulevard","county":"Blaine County"},
{"id":"176","name":"Alhambra Drive","county":"Blaine County"},
{"id":"177","name":"Armadillo Avenue","county":"Blaine County"},
{"id":"178","name":"Baytree Canyon Road (County)","county":"Blaine County"},
{"id":"179","name":"Calafia Road","county":"Blaine County"},
{"id":"180","name":"Cascabel Avenue","county":"Blaine County"},
{"id":"181","name":"Cassidy Trail","county":"Blaine County"},
{"id":"182","name":"Cat-Claw Avenue","county":"Blaine County"},
{"id":"183","name":"Chianski Passage","county":"Blaine County"},
{"id":"184","name":"Cholla Road","county":"Blaine County"},
{"id":"185","name":"Cholla Springs Avenue","county":"Blaine County"},
{"id":"186","name":"Duluoz Avenue","county":"Blaine County"},
{"id":"187","name":"East Joshua Road","county":"Blaine County"},
{"id":"188","name":"Fort Zancudo Approach Road","county":"Blaine County"},
{"id":"189","name":"Galileo Road","county":"Blaine County"},
{"id":"190","name":"Grapeseed Avenue","county":"Blaine County"},
{"id":"191","name":"Grapeseed Main Street","county":"Blaine County"},
{"id":"192","name":"Joad Lane","county":"Blaine County"},
{"id":"193","name":"Joshua Road","county":"Blaine County"},
{"id":"194","name":"Lesbos Lane","county":"Blaine County"},
{"id":"195","name":"Lolita Avenue","county":"Blaine County"},
{"id":"196","name":"Marina Drive","county":"Blaine County"},
{"id":"197","name":"Meringue Lane","county":"Blaine County"},
{"id":"198","name":"Mount Haan Road","county":"Blaine County"},
{"id":"199","name":"Mountain View Drive","county":"Blaine County"},
{"id":"200","name":"Niland Avenue","county":"Blaine County"},
{"id":"201","name":"North Calafia Way","county":"Blaine County"},
{"id":"202","name":"Nowhere Road","county":"Blaine County"},
{"id":"203","name":"O'Neil Way","county":"Blaine County"},
{"id":"204","name":"Paleto Boulevard","county":"Blaine County"},
{"id":"205","name":"Panorama Drive","county":"Blaine County"},
{"id":"206","name":"Procopio Drive","county":"Blaine County"},
{"id":"207","name":"Procopio Promenade","county":"Blaine County"},
{"id":"208","name":"Pyrite Avenue","county":"Blaine County"},
{"id":"209","name":"Raton Pass","county":"Blaine County"},
{"id":"210","name":"Route 68 Approach","county":"Blaine County"},
{"id":"211","name":"Seaview Road","county":"Blaine County"},
{"id":"212","name":"Senora Way","county":"Blaine County"},
{"id":"213","name":"Smoke Tree Road","county":"Blaine County"},
{"id":"214","name":"Union Road","county":"Blaine County"},
{"id":"215","name":"Zancudo Avenue","county":"Blaine County"},
{"id":"216","name":"Zancudo Road","county":"Blaine County"},
{"id":"217","name":"Zancudo Trail","county":"Blaine County"},
{"id":"218","name":"Interstate 1","county":"State"},
{"id":"219","name":"Interstate 2","county":"State"},
{"id":"220","name":"Interstate 4","county":"State"},
{"id":"221","name":"Interstate 5","county":"State"},
{"id":"222","name":"Route 1","county":"State"},
{"id":"223","name":"Route 11","county":"State"},
{"id":"224","name":"Route 13","county":"State"},
{"id":"225","name":"Route 14","county":"State"},
{"id":"226","name":"Route 15","county":"State"},
{"id":"227","name":"Route 16","county":"State"},
{"id":"228","name":"Route 17","county":"State"},
{"id":"229","name":"Route 18","county":"State"},
{"id":"230","name":"Route 19","county":"State"},
{"id":"231","name":"Route 20","county":"State"},
{"id":"232","name":"Route 22","county":"State"},
{"id":"233","name":"Route 23","county":"State"},
{"id":"234","name":"Route 68","county":"State"}
]
}
,{"action":"insert","table":"weapons","rows":
[
    {"id":"1","weapon_type":"Vom Feuer","weapon_name":"Advanced Rifle"},
    {"id":"2","weapon_type":"Shrewsbury","weapon_name":"Assault Rifle"},
    {"id":"3","weapon_type":"Shrewsbury","weapon_name":"Assault Rifle MKII"},
    {"id":"4","weapon_type":"Hawk & Little","weapon_name":"Bullpup Rifle"},
    {"id":"5","weapon_type":"Hawk & Little","weapon_name":"Bullpup Rifle MKII"},
    {"id":"6","weapon_type":"Vom Feuer","weapon_name":"Carbine Rifle"},
    {"id":"7","weapon_type":"Vom Feuer","weapon_name":"Carbine Rifle MKII"},
    {"id":"8","weapon_type":"Shrewsbury","weapon_name":"Compact Rifle"},
    {"id":"9","weapon_type":"Vom Feuer","weapon_name":"Special Carbine"},
    {"id":"10","weapon_type":"Vom Feuer","weapon_name":"Special Carbine MKII"},
    {"id":"11","weapon_type":"Vom Feuer","weapon_name":"AP Pistol"},
    {"id":"12","weapon_type":"Hawk & Little","weapon_name":"Combat Pistol"},
    {"id":"13","weapon_type":"Handgun","weapon_name":"Double Action Revolver"},
    {"id":"14","weapon_type":"Handgun","weapon_name":"Flare Gun"},
    {"id":"15","weapon_type":"Handgun","weapon_name":"Heavy Pistol"},
    {"id":"16","weapon_type":"Hawk & Little","weapon_name":"Heavy Revolver"},
    {"id":"17","weapon_type":"Hawk & Little","weapon_name":"Heavy Revolver MK II"},
    {"id":"18","weapon_type":"Handgun","weapon_name":"Marksman Pistol"},
    {"id":"19","weapon_type":"Hawk & Little","weapon_name":"Pistol"},
    {"id":"20","weapon_type":"Hawk & Little","weapon_name":"Pistol .50"},
    {"id":"21","weapon_type":"Hawk & Little","weapon_name":"Pistol MK II"},
    {"id":"22","weapon_type":"Shrewsbury","weapon_name":"SNS Pistol"},
    {"id":"23","weapon_type":"Shrewsbury","weapon_name":"SNS Pistol MK II"},
    {"id":"24","weapon_type":"Coil","weapon_name":"Stun Gun"},
    {"id":"25","weapon_type":"Handgun","weapon_name":"Up-n-Atomizer"},
    {"id":"26","weapon_type":"Handgun","weapon_name":"Vintage Pistol"},
    {"id":"27","weapon_type":"Vom Feuer","weapon_name":"Compact Grenade Launcher"},
    {"id":"28","weapon_type":"Heavy Weapon","weapon_name":"Firework Launcher"},
    {"id":"29","weapon_type":"Shrewsbury","weapon_name":"Grenade Launcher"},
    {"id":"30","weapon_type":"Hawk & Little","weapon_name":"Homing Launcher"},
    {"id":"31","weapon_type":"Coil","weapon_name":"Minigun"},
    {"id":"32","weapon_type":"Shrewsbury","weapon_name":"RPG"},
    {"id":"33","weapon_type":"Coil","weapon_name":"Railgun"},
    {"id":"34","weapon_type":"Heavy Weapon","weapon_name":"Widowmaker"},
    {"id":"35","weapon_type":"Vom Feuer","weapon_name":"Assault SMG"},
    {"id":"36","weapon_type":"Machine Gun","weapon_name":"Combat MG"},
    {"id":"37","weapon_type":"Machine Gun","weapon_name":"Combat MG MK II"},
    {"id":"38","weapon_type":"Coil","weapon_name":"Combat PDW"},
    {"id":"39","weapon_type":"Machine Gun","weapon_name":"Gusenberg Sweeper"},
    {"id":"40","weapon_type":"Shrewsbury","weapon_name":"MG"},
    {"id":"41","weapon_type":"Vom Feuer","weapon_name":"Machine Pistol"},
    {"id":"42","weapon_type":"Shrewsbury","weapon_name":"Micro SMG"},
    {"id":"43","weapon_type":"Hawk & Little","weapon_name":"Mini SMG"},
    {"id":"44","weapon_type":"Hawk & Little","weapon_name":"SMG"},
    {"id":"45","weapon_type":"Hawk & Little","weapon_name":"SMG MK II"},
    {"id":"46","weapon_type":"Machine Gun","weapon_name":"Unholy Hellbringer"},
    {"id":"47","weapon_type":"Melee","weapon_name":"Antique Cavalry Dagger"},
    {"id":"48","weapon_type":"Melee","weapon_name":"Baseball Bat"},
    {"id":"49","weapon_type":"Melee","weapon_name":"Battle Axe"},
    {"id":"50","weapon_type":"Melee","weapon_name":"Broken Bottle"},
    {"id":"51","weapon_type":"Melee","weapon_name":"Crowbar"},
    {"id":"52","weapon_type":"Vom Feuer","weapon_name":"Flashlight"},
    {"id":"53","weapon_type":"Melee","weapon_name":"Golf Club"},
    {"id":"54","weapon_type":"Melee","weapon_name":"Hammer"},
    {"id":"55","weapon_type":"Melee","weapon_name":"Hatchet"},
    {"id":"56","weapon_type":"Hawk & Little","weapon_name":"Knife"},
    {"id":"57","weapon_type":"Melee","weapon_name":"Knuckle Dusters"},
    {"id":"58","weapon_type":"Vom Feuer","weapon_name":"Machete"},
    {"id":"59","weapon_type":"Melee","weapon_name":"Nightstick"},
    {"id":"60","weapon_type":"Melee","weapon_name":"Pipe Wrench"},
    {"id":"61","weapon_type":"Melee","weapon_name":"Pool Cue"},
    {"id":"62","weapon_type":"Melee","weapon_name":"Stone Hatchet"},
    {"id":"63","weapon_type":"Melee","weapon_name":"Switchblade"},
    {"id":"64","weapon_type":"Vom Feuer","weapon_name":"Remote Sniper"},
    {"id":"65","weapon_type":"Vom Feuer","weapon_name":"Assault Shotgun"},
    {"id":"66","weapon_type":"Hawk & Little","weapon_name":"Bullpup Shotgun"},
    {"id":"67","weapon_type":"Shotgun","weapon_name":"Double Barrel Shotgun"},
    {"id":"68","weapon_type":"Shrewsbury","weapon_name":"Heavy Shotgun"},
    {"id":"69","weapon_type":"Shotgun","weapon_name":"Musket"},
    {"id":"70","weapon_type":"Shrewsbury","weapon_name":"Pump Shotgun"},
    {"id":"71","weapon_type":"Vom Feuer","weapon_name":"Pump Shotgun MK II"},
    {"id":"72","weapon_type":"Shrewsbury","weapon_name":"Sawed-Off Shotgun"},
    {"id":"73","weapon_type":"Shrewsbury","weapon_name":"Sweeper Shotgun"},
    {"id":"74","weapon_type":"Shrewsbury","weapon_name":"Sniper Rifle"},
    {"id":"75","weapon_type":"Vom Feuer","weapon_name":"Heavy Sniper"},
    {"id":"76","weapon_type":"Vom Feuer","weapon_name":"Marksman Rifle"},
    {"id":"77","weapon_type":"Vom Feuer","weapon_name":"Heavy Sniper MK II"},
    {"id":"78","weapon_type":"Vom Feuer","weapon_name":"Marksman Rifle MK II"},
    {"id":"79","weapon_type":"Throwable","weapon_name":"Granade"},
    {"id":"80","weapon_type":"Throwable","weapon_name":"Sticky Bomb"},
    {"id":"81","weapon_type":"Throwable","weapon_name":"Tear Gas"},
    {"id":"82","weapon_type":"Throwable","weapon_name":"Molotov"},
    {"id":"83","weapon_type":"Throwable","weapon_name":"Ball"},
    {"id":"84","weapon_type":"Throwable","weapon_name":"Flare"},
    {"id":"85","weapon_type":"Throwable","weapon_name":"Jerry Can"},
    {"id":"86","weapon_type":"Throwable","weapon_name":"Proximity Mine"},
    {"id":"87","weapon_type":"Throwable","weapon_name":"Snowball"},
    {"id":"88","weapon_type":"Throwable","weapon_name":"Pipe Bomb"}
]
}
,{"action":"insert","table":"incident_type","rows":
    [
    {"code_id":"68","code_name":"Armed Robbery"},
    {"code_id":"25","code_name":"Domestic Dispute"},
    {"code_id":"10","code_name":"Fight in Progress"},
    {"code_id":"49","code_name":"Homicide"},
    {"code_id":"55","code_name":"Intoxicated Driver"},
    {"code_id":"56","code_name":"Intoxicated Person"},
    {"code_id":"62","code_name":"Kidnapping"},
    {"code_id":"66","code_name":"Reckless Driver"},
    {"code_id":"13","code_name":"Shots Fired"},
    {"code_id":"16","code_name":"Stolen Vehicle"},
    {"code_id":"17","code_name":"Suspicious Person"},
    {"code_id":"11","code_name":"Traffic Stop"},
    {"code_id":"50","code_name":"Vehicle Accident"},
    {"code_id":"200","code_name":"Tow & Recovery"}
    ]
    }
,{"action":"insert","table":"vehicles", "rows":
[
    {"id":"1","Make":"Albany","Model":"Alpha"},
    {"id":"2","Make":"Albany","Model":"Buccaneer"},
    {"id":"3","Make":"Albany","Model":"Buccaneer Custom"},
    {"id":"4","Make":"Albany","Model":"Cavalcade"},
    {"id":"5","Make":"Albany","Model":"Cavalcade FXT"},
    {"id":"6","Make":"Albany","Model":"Emperor"},
    {"id":"7","Make":"Albany","Model":"Esperanto"},
    {"id":"8","Make":"Albany","Model":"Franken Stange"},
    {"id":"9","Make":"Albany","Model":"Hermes"},
    {"id":"10","Make":"Albany","Model":"Lurcher"},
    {"id":"11","Make":"Albany","Model":"Manana"},
    {"id":"12","Make":"Albany","Model":"Police Roadcruiser"},
    {"id":"13","Make":"Albany","Model":"Presidente"},
    {"id":"14","Make":"Albany","Model":"Primo"},
    {"id":"15","Make":"Albany","Model":"Primo Custom"},
    {"id":"16","Make":"Albany","Model":"Taxi Cab"},
    {"id":"17","Make":"Albany","Model":"Romero"},
    {"id":"18","Make":"Albany","Model":"Roosevelt"},
    {"id":"19","Make":"Albany","Model":"Roosevelt Valor"},
    {"id":"20","Make":"Albany","Model":"Stretch"},
    {"id":"21","Make":"Albany","Model":"Virgo"},
    {"id":"22","Make":"Albany","Model":"Washington"},
    {"id":"23","Make":"Annis","Model":"Apocolypse ZR380"},
    {"id":"24","Make":"Annis","Model":"Elegy RH8"},
    {"id":"25","Make":"Annis","Model":"Elegy Retro Custom"},
    {"id":"26","Make":"Annis","Model":"Future Shock ZR380"},
    {"id":"27","Make":"Annis","Model":"Nightmare ZR380"},
    {"id":"28","Make":"Annis","Model":"RE-7B"},
    {"id":"29","Make":"Annis","Model":"Savestra"},
    {"id":"30","Make":"Benefactor","Model":"Apocalypse Bruiser"},
    {"id":"31","Make":"Benefactor","Model":"Apocalypse Glendale"},
    {"id":"32","Make":"Benefactor","Model":"Dubsta"},
    {"id":"33","Make":"Benefactor","Model":"Dubsta 6x6"},
    {"id":"34","Make":"Benefactor","Model":"Feltzer"},
    {"id":"35","Make":"Benefactor","Model":"Future Shock Bruiser"},
    {"id":"36","Make":"Benefactor","Model":"Future Shock Glendale"},
    {"id":"37","Make":"Benefactor","Model":"Panto"},
    {"id":"38","Make":"Benefactor","Model":"Schafter"},
    {"id":"39","Make":"Benefactor","Model":"Schafter LWB"},
    {"id":"40","Make":"Benefactor","Model":"Schafter LWB Armored"},
    {"id":"41","Make":"Benefactor","Model":"Schafter V12"},
    {"id":"42","Make":"Benefactor","Model":"Schafter V12 Armored"},
    {"id":"43","Make":"Benefactor","Model":"Glendale"},
    {"id":"44","Make":"Benefactor","Model":"Nightmare Glendale"},
    {"id":"45","Make":"Benefactor","Model":"Nightmare Bruiser"},
    {"id":"46","Make":"Benefactor","Model":"Schlagen GT"},
    {"id":"47","Make":"Benefactor","Model":"Schwartzer"},
    {"id":"48","Make":"Benefactor","Model":"Serrano"},
    {"id":"49","Make":"Benefactor","Model":"Stirling GT"},
    {"id":"50","Make":"Benefactor","Model":"Strieter"},
    {"id":"51","Make":"Benefactor","Model":"Surano"},
    {"id":"52","Make":"Benefactor","Model":"Terrorbyte"},
    {"id":"53","Make":"Benefactor","Model":"Turreted Limo"},
    {"id":"54","Make":"Benefactor","Model":"XLS"},
    {"id":"55","Make":"Benefactor","Model":"XLS Armored"},
    {"id":"56","Make":"BF","Model":"Bifta"},
    {"id":"57","Make":"BF","Model":"Dune Buggy"},
    {"id":"58","Make":"BF","Model":"Dune FAV"},
    {"id":"59","Make":"BF","Model":"Injection"},
    {"id":"60","Make":"BF","Model":"Ramp Buggy"},
    {"id":"61","Make":"BF","Model":"Raptor"},
    {"id":"62","Make":"BF","Model":"Space Docker"},
    {"id":"63","Make":"BF","Model":"Surfer"},
    {"id":"64","Make":"Bollokan","Model":"Prairie"},
    {"id":"65","Make":"Bravado","Model":"Apocalypse Rat Truck"},
    {"id":"66","Make":"Bravado","Model":"Apocalypse Sasquatch"},
    {"id":"67","Make":"Bravado","Model":"Banshee"},
    {"id":"68","Make":"Bravado","Model":"Banshee 900R"},
    {"id":"69","Make":"Bravado","Model":"Banshee Topless"},
    {"id":"70","Make":"Bravado","Model":"Bison"},
    {"id":"71","Make":"Bravado","Model":"Buffalo"},
    {"id":"72","Make":"Bravado","Model":"Buffalo S"},
    {"id":"73","Make":"Bravado","Model":"Duneloader"},
    {"id":"74","Make":"Bravado","Model":"FIB Buffalo"},
    {"id":"75","Make":"Bravado","Model":"Future Shock Rat Truck"},
    {"id":"76","Make":"Bravado","Model":"Future Shock Sasquatch"},
    {"id":"77","Make":"Bravado","Model":"Gauntlet"},
    {"id":"78","Make":"Bravado","Model":"Gresley"},
    {"id":"79","Make":"Bravado","Model":"HalfTrack"},
    {"id":"80","Make":"Bravado","Model":"Nightmare Rat Truck"},
    {"id":"81","Make":"Bravado","Model":"Nightmare Sasquatch"},
    {"id":"82","Make":"Bravado","Model":"Paradise"},
    {"id":"83","Make":"Bravado","Model":"Police Cruiser Buffalo"},
    {"id":"84","Make":"Bravado","Model":"RatLoader"},
    {"id":"85","Make":"Bravado","Model":"RatTruck"},
    {"id":"86","Make":"Bravado","Model":"Redwood Gauntlet"},
    {"id":"87","Make":"Bravado","Model":"Rumpo Custom"},
    {"id":"88","Make":"Bravado","Model":"Rumpo News"},
    {"id":"89","Make":"Bravado","Model":"Sprunk Buffalo"},
    {"id":"90","Make":"Bravado","Model":"Verlierer"},
    {"id":"91","Make":"Bravado","Model":"Youga"},
    {"id":"92","Make":"Bravado","Model":"Youga Classic"},
    {"id":"93","Make":"Brute","Model":"Airport Bus"},
    {"id":"94","Make":"Brute","Model":"Ambulance"},
    {"id":"95","Make":"Brute","Model":"Armored Boxville"},
    {"id":"96","Make":"Brute","Model":"Boxville"},
    {"id":"97","Make":"Brute","Model":"Bus"},
    {"id":"98","Make":"Brute","Model":"Camper"},
    {"id":"99","Make":"Brute","Model":"Dashound"},
    {"id":"100","Make":"Brute","Model":"Police Riot"},
    {"id":"101","Make":"Brute","Model":"Pony"},
    {"id":"102","Make":"Brute","Model":"Rental Shuttle Bus"},
    {"id":"103","Make":"Brute","Model":"Stockade"},
    {"id":"104","Make":"Brute","Model":"Taco Van"},
    {"id":"105","Make":"Brute","Model":"Tipper"},
    {"id":"106","Make":"Brute","Model":"Tipper II"},
    {"id":"107","Make":"Brute","Model":"Tour Bus"},
    {"id":"108","Make":"Brute","Model":"Utility Truck"},
    {"id":"109","Make":"Brute","Model":"Utility Truck Cherry Picker"},
    {"id":"110","Make":"Canis","Model":"Bodhi"},
    {"id":"111","Make":"Canis","Model":"Crusader"},
    {"id":"112","Make":"Canis","Model":"Freecrawler"},
    {"id":"113","Make":"Canis","Model":"Kalahari"},
    {"id":"114","Make":"Canis","Model":"Kalahari Topless"},
    {"id":"115","Make":"Canis","Model":"Kamancho"},
    {"id":"116","Make":"Canis","Model":"Mesa"},
    {"id":"117","Make":"Canis","Model":"Seminole"},
    {"id":"118","Make":"Chariot","Model":"Romero Hearse"},
    {"id":"119","Make":"Cheval","Model":"Fugitive"},
    {"id":"120","Make":"Cheval","Model":"Marshall"},
    {"id":"121","Make":"Cheval","Model":"Picador"},
    {"id":"122","Make":"Cheval","Model":"Surge"},
    {"id":"123","Make":"Cheval","Model":"Taipan"},
    {"id":"124","Make":"Coil","Model":"Brawler"},
    {"id":"125","Make":"Coil","Model":"Cyclone"},
    {"id":"126","Make":"Coil","Model":"Raiden"},
    {"id":"127","Make":"Coil","Model":"Rocket Voltic"},
    {"id":"128","Make":"Coil","Model":"Voltic"},
    {"id":"129","Make":"Coil","Model":"Voltic Topless"},
    {"id":"130","Make":"Declasse","Model":"Apocalypse Brutus"},
    {"id":"131","Make":"Declasse","Model":"Apocalypse Impaler"},
    {"id":"132","Make":"Declasse","Model":"Asea"},
    {"id":"133","Make":"Declasse","Model":"Burger Shot Stallion"},
    {"id":"134","Make":"Declasse","Model":"Burrito"},
    {"id":"135","Make":"Declasse","Model":"Drift Tampa"},
    {"id":"136","Make":"Declasse","Model":"FIB Granger"},
    {"id":"137","Make":"Declasse","Model":"Future Shock Brutus"},
    {"id":"138","Make":"Declasse","Model":"Future Shock Impaler"},
    {"id":"139","Make":"Declasse","Model":"Gang Burrito"},
    {"id":"140","Make":"Declasse","Model":"Granger"},
    {"id":"141","Make":"Declasse","Model":"Hotring Sabre"},
    {"id":"142","Make":"Declasse","Model":"Impaler"},
    {"id":"143","Make":"Declasse","Model":"Lifeguard"},
    {"id":"144","Make":"Declasse","Model":"Mamba"},
    {"id":"145","Make":"Declasse","Model":"Moonbeam"},
    {"id":"146","Make":"Declasse","Model":"Moonbeam Custom"},
    {"id":"147","Make":"Declasse","Model":"Nightmare Brutus"},
    {"id":"148","Make":"Declasse","Model":"Nightmare Impaler"},
    {"id":"149","Make":"Declasse","Model":"Park Ranger"},
    {"id":"150","Make":"Declasse","Model":"Police Rancher"},
    {"id":"151","Make":"Declasse","Model":"Police Transporter"},
    {"id":"152","Make":"Declasse","Model":"Premier"},
    {"id":"153","Make":"Declasse","Model":"Rancher XL"},
    {"id":"154","Make":"Declasse","Model":"Rhapsody"},
    {"id":"155","Make":"Declasse","Model":"Sabre Turbo"},
    {"id":"156","Make":"Declasse","Model":"Sabre Turbo Custom"},
    {"id":"157","Make":"Declasse","Model":"Scramjet"},
    {"id":"158","Make":"Declasse","Model":"Sheriff Granger"},
    {"id":"159","Make":"Declasse","Model":"Stallion"},
    {"id":"160","Make":"Declasse","Model":"Tampa"},
    {"id":"161","Make":"Declasse","Model":"Tornado"},
    {"id":"162","Make":"Declasse","Model":"Tornado Convertible"},
    {"id":"163","Make":"Declasse","Model":"Tornado Custom"},
    {"id":"164","Make":"Declasse","Model":"Tornado Rat Rod"},
    {"id":"165","Make":"Declasse","Model":"Tulip"},
    {"id":"166","Make":"Declasse","Model":"Vamos"},
    {"id":"167","Make":"Declasse","Model":"Vigero"},
    {"id":"168","Make":"Declasse","Model":"Voodoo"},
    {"id":"169","Make":"Declasse","Model":"Voodoo Custom"},
    {"id":"170","Make":"Declasse","Model":"Weaponized Tampa"},
    {"id":"171","Make":"Declasse","Model":"Yosemite"},
    {"id":"172","Make":"Dewbauchee","Model":"Exemplar"},
    {"id":"173","Make":"Dewbauchee","Model":"JB 700"},
    {"id":"174","Make":"Dewbauchee","Model":"Massacro"},
    {"id":"175","Make":"Dewbauchee","Model":"Massacro Racecar"},
    {"id":"176","Make":"Dewbauchee","Model":"Rapid GT"},
    {"id":"177","Make":"Dewbauchee","Model":"Rapid GT Classic"},
    {"id":"178","Make":"Dewbauchee","Model":"Rapid GT Sport"},
    {"id":"179","Make":"Dewbauchee","Model":"Seven-70"},
    {"id":"180","Make":"Dewbauchee","Model":"Specter"},
    {"id":"181","Make":"Dewbauchee","Model":"Specter Custom"},
    {"id":"182","Make":"Dewbuachee","Model":"Vagner"},
    {"id":"183","Make":"Dinka","Model":"Akuma"},
    {"id":"184","Make":"Dinka","Model":"Blista"},
    {"id":"185","Make":"Dinka","Model":"Blista Compact"},
    {"id":"186","Make":"Dinka","Model":"Double-T"},
    {"id":"187","Make":"Dinka","Model":"Enduro"},
    {"id":"188","Make":"Dinka","Model":"Monkey Blista"},
    {"id":"189","Make":"Dinka","Model":"Jester"},
    {"id":"190","Make":"Dinka","Model":"Jester Classic"},
    {"id":"191","Make":"Dinka","Model":"Jester Racecar"},
    {"id":"192","Make":"Dinka","Model":"Trust"},
    {"id":"193","Make":"Dinka","Model":"Vindicator"},
    {"id":"194","Make":"Dundreary","Model":"Landstalker"},
    {"id":"195","Make":"Dundreary","Model":"Regina"},
    {"id":"196","Make":"Dundreary","Model":"Stretch"},
    {"id":"197","Make":"Dundreary","Model":"Virgo Classic"},
    {"id":"198","Make":"Dundreary","Model":"Virgo Classic Custom"},
    {"id":"199","Make":"Emperor","Model":"ETR1"},
    {"id":"200","Make":"Emperor","Model":"Habanero"},
    {"id":"201","Make":"Enus","Model":"Cognoscenti"},
    {"id":"202","Make":"Enus","Model":"Cognoscenti 55"},
    {"id":"203","Make":"Enus","Model":"Cognoscenti 55 Armored"},
    {"id":"204","Make":"Enus","Model":"Cognoscenti Armored"},
    {"id":"205","Make":"Enus","Model":"Cognoscenti Cabrio"},
    {"id":"206","Make":"Enus","Model":"Huntley S"},
    {"id":"207","Make":"Enus","Model":"Stafford"},
    {"id":"208","Make":"Enus","Model":"Super Diamond"},
    {"id":"209","Make":"Enus","Model":"Windsor"},
    {"id":"210","Make":"Enus","Model":"Windsor Drop"},
    {"id":"211","Make":"Fathom","Model":"FQ 2"},
    {"id":"212","Make":"Gallivanter","Model":"Baller"},
    {"id":"213","Make":"Gallivanter","Model":"Baller II"},
    {"id":"214","Make":"Gallivanter","Model":"Baller LE"},
    {"id":"215","Make":"Gallivanter","Model":"Baller LE Armored"},
    {"id":"216","Make":"Gallivanter","Model":"Baller LE LWB"},
    {"id":"217","Make":"Gallivanter","Model":"Baller LE LWB Armored"},
    {"id":"218","Make":"Grotti","Model":"Bestia GTS"},
    {"id":"219","Make":"Grotti","Model":"Brioso RA"},
    {"id":"220","Make":"Grotti","Model":"Carbonizzare"},
    {"id":"221","Make":"Grotti","Model":"Cheetah"},
    {"id":"222","Make":"Grotti","Model":"Cheetah Classic"},
    {"id":"223","Make":"Grotti","Model":"GT500"},
    {"id":"224","Make":"Grotti","Model":"Itali GTO"},
    {"id":"225","Make":"Grotti","Model":"Stinger"},
    {"id":"226","Make":"Grotti","Model":"Stinger GT"},
    {"id":"227","Make":"Grotti","Model":"Stinger Topless"},
    {"id":"228","Make":"Grotti","Model":"Turismo Classic"},
    {"id":"229","Make":"Grotti","Model":"Turismo R"},
    {"id":"230","Make":"Grotti","Model":"Vigilante"},
    {"id":"231","Make":"Grotti","Model":"Visione"},
    {"id":"232","Make":"Grotti","Model":"X80 Proto"},
    {"id":"233","Make":"Hijak","Model":"Khamelion"},
    {"id":"234","Make":"Hijak","Model":"Ruston"},
    {"id":"235","Make":"HVY","Model":"APC"},
    {"id":"236","Make":"HVY","Model":"Airtug"},
    {"id":"237","Make":"HVY","Model":"Apocalypse Scarab"},
    {"id":"238","Make":"HVY","Model":"Barracks"},
    {"id":"239","Make":"HVY","Model":"Barracks Semi"},
    {"id":"240","Make":"HVY","Model":"Biff"},
    {"id":"241","Make":"HVY","Model":"Chernobog"},
    {"id":"242","Make":"HVY","Model":"Crane"},
    {"id":"243","Make":"HVY","Model":"Cutter"},
    {"id":"244","Make":"HVY","Model":"Dock Handler"},
    {"id":"245","Make":"HVY","Model":"Docktug"},
    {"id":"246","Make":"HVY","Model":"Dozer"},
    {"id":"247","Make":"HVY","Model":"Dump"},
    {"id":"248","Make":"HVY","Model":"Forklift"},
    {"id":"249","Make":"HVY","Model":"Future Shock Scarab"},
    {"id":"250","Make":"HVY","Model":"Insurgent"},
    {"id":"251","Make":"HVY","Model":"Insurgent Pickup"},
    {"id":"252","Make":"HVY","Model":"Insurgent Pickup Custom"},
    {"id":"253","Make":"HVY","Model":"Menacer"},
    {"id":"254","Make":"HVY","Model":"Mixer"},
    {"id":"255","Make":"HVY","Model":"Mixer II"},
    {"id":"256","Make":"HVY","Model":"Nightmare Scarab"},
    {"id":"257","Make":"HVY","Model":"Nightshark"},
    {"id":"258","Make":"HVY","Model":"Ripley"},
    {"id":"259","Make":"HVY","Model":"Skylift"},
    {"id":"260","Make":"Imponte","Model":"Deluxo"},
    {"id":"261","Make":"Imponte","Model":"Duke O Death"},
    {"id":"262","Make":"Imponte","Model":"Dukes"},
    {"id":"263","Make":"Imponte","Model":"Nightshade"},
    {"id":"264","Make":"Imponte","Model":"Phoenix"},
    {"id":"265","Make":"Imponte","Model":"Ruiner"},
    {"id":"266","Make":"Imponte","Model":"Ruiner 2000"},
    {"id":"267","Make":"Invetero","Model":"Coquette"},
    {"id":"268","Make":"Invetero","Model":"Coquette BlackFin"},
    {"id":"269","Make":"Invetero","Model":"Coquette Classic"},
    {"id":"270","Make":"Invetero","Model":"Coquette Classic Topless"},
    {"id":"271","Make":"Invetero","Model":"Coquette Topless"},
    {"id":"272","Make":"Jacksheepe","Model":"Lawn Mower"},
    {"id":"273","Make":"JoBuilt","Model":"Hauler"},
    {"id":"274","Make":"JoBuilt","Model":"Hauler Custom"},
    {"id":"275","Make":"JoBuilt","Model":"Phantom"},
    {"id":"276","Make":"JoBuilt","Model":"Phantom Custom"},
    {"id":"277","Make":"JoBuilt","Model":"Phantom Wedge"},
    {"id":"278","Make":"JoBuilt","Model":"Rubble"},
    {"id":"279","Make":"JoBuilt","Model":"Trashmaster"},
    {"id":"280","Make":"Karin","Model":"190z"},
    {"id":"281","Make":"Karin","Model":"Asterope"},
    {"id":"282","Make":"Karin","Model":"BeeJay XL"},
    {"id":"283","Make":"Karin","Model":"Dilettante"},
    {"id":"284","Make":"Karin","Model":"Dilettante Patrol"},
    {"id":"285","Make":"Karin","Model":"Futo"},
    {"id":"286","Make":"Karin","Model":"Intruder"},
    {"id":"287","Make":"Karin","Model":"Kuruma"},
    {"id":"288","Make":"Karin","Model":"Kuruma Armored"},
    {"id":"289","Make":"Karin","Model":"Rebel"},
    {"id":"290","Make":"Karin","Model":"Rusty Rebel"},
    {"id":"291","Make":"Karin","Model":"Sultan"},
    {"id":"292","Make":"Karin","Model":"Sultan RS"},
    {"id":"293","Make":"Karin","Model":"Technical"},
    {"id":"294","Make":"Karin","Model":"Technical Aqua"},
    {"id":"295","Make":"Karin","Model":"Technical Custom"},
    {"id":"296","Make":"Lampadati","Model":"Casco"},
    {"id":"297","Make":"Lampadati","Model":"Felon"},
    {"id":"298","Make":"Lampadati","Model":"Felon GT"},
    {"id":"299","Make":"Lampadati","Model":"Furore GT"},
    {"id":"300","Make":"Lampadati","Model":"Michelli GT"},
    {"id":"301","Make":"Lampadati","Model":"Pigalle"},
    {"id":"302","Make":"Lampadati","Model":"Tropos Rallye"},
    {"id":"303","Make":"Lampadati","Model":"Viseris"},
    {"id":"304","Make":"LCC","Model":"Avarus"},
    {"id":"305","Make":"LCC","Model":"Hexer"},
    {"id":"306","Make":"LCC","Model":"Innovation"},
    {"id":"307","Make":"LCC","Model":"Manchez"},
    {"id":"308","Make":"Maibatsu","Model":"Mule"},
    {"id":"309","Make":"Maibatsu","Model":"Mule Armored"},
    {"id":"310","Make":"Maibatsu","Model":"Mule Custom"},
    {"id":"311","Make":"Maibatsu","Model":"Penumbra"},
    {"id":"312","Make":"Maibatsu","Model":"Sanchez"},
    {"id":"313","Make":"Maibatsu","Model":"Sanchez Livery"},
    {"id":"314","Make":"Maibatsu","Model":"Sanctus"},
    {"id":"315","Make":"Mammoth","Model":"Patriot"},
    {"id":"316","Make":"Mammoth","Model":"Patriot Stretch"},
    {"id":"317","Make":"Mammoth","Model":"Thruster Jetpack"},
    {"id":"318","Make":"MTL","Model":"Brickade"},
    {"id":"319","Make":"MTL","Model":"Dune"},
    {"id":"320","Make":"MTL","Model":"Firetruck"},
    {"id":"321","Make":"MTL","Model":"Flatbed"},
    {"id":"322","Make":"MTL","Model":"Packer"},
    {"id":"323","Make":"MTL","Model":"Pounder"},
    {"id":"324","Make":"MTL","Model":"Pounder Custom"},
    {"id":"325","Make":"MTL","Model":"Wastelander"},
    {"id":"326","Make":"Nagasaki","Model":"BF400"},
    {"id":"327","Make":"Nagasaki","Model":"Blazer"},
    {"id":"328","Make":"Nagasaki","Model":"Blazer Aqua"},
    {"id":"329","Make":"Nagasaki","Model":"Blazer Lifegaurd"},
    {"id":"330","Make":"Nagasaki","Model":"Caddy"},
    {"id":"331","Make":"Nagasaki","Model":"Caddy Bunker"},
    {"id":"332","Make":"Nagasaki","Model":"Caddy Utility"},
    {"id":"333","Make":"Nagasaki","Model":"Carbon RS"},
    {"id":"334","Make":"Nagasaki","Model":"Chimera"},
    {"id":"335","Make":"Nagasaki","Model":"Hot Rod Blazer"},
    {"id":"336","Make":"Nagasaki","Model":"Shotaro"},
    {"id":"337","Make":"Nagasaki","Model":"Street Blazer"},
    {"id":"338","Make":"Obey","Model":"9F"},
    {"id":"339","Make":"Obey","Model":"9F Cabrio"},
    {"id":"340","Make":"Obey","Model":"Omnis"},
    {"id":"341","Make":"Obey","Model":"Rocoto"},
    {"id":"342","Make":"Obey","Model":"Tailgater"},
    {"id":"343","Make":"Ocelot","Model":"Ardent"},
    {"id":"344","Make":"Ocelot","Model":"F620"},
    {"id":"345","Make":"Ocelot","Model":"Jackal"},
    {"id":"346","Make":"Ocelot","Model":"Lynx"},
    {"id":"347","Make":"Ocelot","Model":"Pariah"},
    {"id":"348","Make":"Ocelot","Model":"Penetrator"},
    {"id":"349","Make":"Ocelot","Model":"Stromberg"},
    {"id":"350","Make":"Ocelot","Model":"Swinger"},
    {"id":"351","Make":"Ocelot","Model":"XA-21"},
    {"id":"352","Make":"Overflod","Model":"Autarch"},
    {"id":"353","Make":"Overflod","Model":"Entity XF"},
    {"id":"354","Make":"Overflod","Model":"Entity XXR"},
    {"id":"355","Make":"Overflod","Model":"Tyrant"},
    {"id":"356","Make":"Pegassi","Model":"Bati 801"},
    {"id":"357","Make":"Pegassi","Model":"Bati 801RR"},
    {"id":"358","Make":"Pegassi","Model":"Esskey"},
    {"id":"359","Make":"Pegassi","Model":"FCR 1000"},
    {"id":"360","Make":"Pegassi","Model":"FCR 1000 Custom"},
    {"id":"361","Make":"Pegassi","Model":"Faggio"},
    {"id":"362","Make":"Pegassi","Model":"Faggio Mod"},
    {"id":"363","Make":"Pegassi","Model":"Faggio Sport"},
    {"id":"364","Make":"Pegassi","Model":"Infernus"},
    {"id":"365","Make":"Pegassi","Model":"Infernus Classic"},
    {"id":"366","Make":"Pegassi","Model":"Monroe"},
    {"id":"367","Make":"Pegassi","Model":"Oppressor"},
    {"id":"368","Make":"Pegassi","Model":"Oppressor MK II"},
    {"id":"369","Make":"Pegassi","Model":"Osiris"},
    {"id":"370","Make":"Pegassi","Model":"Reaper"},
    {"id":"371","Make":"Pegassi","Model":"Ruffian"},
    {"id":"372","Make":"Pegassi","Model":"Tempesta"},
    {"id":"373","Make":"Pegassi","Model":"Tezeract"},
    {"id":"374","Make":"Pegassi","Model":"Torero"},
    {"id":"375","Make":"Pegassi","Model":"Toros"},
    {"id":"376","Make":"Pegassi","Model":"Vacca"},
    {"id":"377","Make":"Pegassi","Model":"Vortex"},
    {"id":"378","Make":"Pegassi","Model":"Zentorno"},
    {"id":"379","Make":"Pfister","Model":"811"},
    {"id":"380","Make":"Pfister","Model":"Comet"},
    {"id":"381","Make":"Pfister","Model":"Comet Retro Custom"},
    {"id":"382","Make":"Pfister","Model":"Comet Safari"},
    {"id":"383","Make":"Pfister","Model":"Comet SR"},
    {"id":"384","Make":"Pfister","Model":"Neon"},
    {"id":"385","Make":"Principe","Model":"Diabolus"},
    {"id":"386","Make":"Principe","Model":"Diabolus Custom"},
    {"id":"387","Make":"Principe","Model":"Lectro"},
    {"id":"388","Make":"Principe","Model":"Nemesis"},
    {"id":"389","Make":"Progen","Model":"GP1"},
    {"id":"390","Make":"Progen","Model":"Itali GTB"},
    {"id":"391","Make":"Progen","Model":"Itali GTB Custom"},
    {"id":"392","Make":"Progen","Model":"T20"},
    {"id":"393","Make":"Progen","Model":"Tyrus"},
    {"id":"394","Make":"RC","Model":"Bandito"},
    {"id":"395","Make":"Rune","Model":"Cheburek"},
    {"id":"396","Make":"Schyster","Model":"Deviant"},
    {"id":"397","Make":"Schyster","Model":"Fusilade"},
    {"id":"398","Make":"Shitzu","Model":"Defiler"},
    {"id":"399","Make":"Shitzu","Model":"Hakuchou"},
    {"id":"400","Make":"Shitzu","Model":"Hakuchou Drag"},
    {"id":"401","Make":"Shitzu","Model":"PCJ 600"},
    {"id":"402","Make":"Shitzu","Model":"Vader"},
    {"id":"403","Make":"Stanley","Model":"Fieldmaster"},
    {"id":"404","Make":"Stanley","Model":"Tractor"},
    {"id":"405","Make":"Truffade","Model":"Adder"},
    {"id":"406","Make":"Truffade","Model":"Nero"},
    {"id":"407","Make":"Truffade","Model":"Nero Custom"},
    {"id":"408","Make":"Truffade","Model":"Z Type"},
    {"id":"409","Make":"Ubermacht","Model":"Oracle"},
    {"id":"410","Make":"Ubermacht","Model":"Oracle XS"},
    {"id":"411","Make":"Ubermacht","Model":"Revolter"},
    {"id":"412","Make":"Ubermacht","Model":"SC1"},
    {"id":"413","Make":"Ubermacht","Model":"Sentinel"},
    {"id":"414","Make":"Ubermacht","Model":"Sentinel Classic"},
    {"id":"415","Make":"Ubermacht","Model":"Sentinel XS"},
    {"id":"416","Make":"Ubermacht","Model":"Zion"},
    {"id":"417","Make":"Ubermacht","Model":"Zion Cabrio"},
    {"id":"418","Make":"Vapid","Model":"Apocalypse Dominator"},
    {"id":"419","Make":"Vapid","Model":"Apocalypse Imperator"},
    {"id":"420","Make":"Vapid","Model":"Apocalypse Slamvan"},
    {"id":"421","Make":"Vapid","Model":"Benson"},
    {"id":"422","Make":"Vapid","Model":"Blade"},
    {"id":"423","Make":"Vapid","Model":"Bobcat XL"},
    {"id":"424","Make":"Vapid","Model":"Bullet"},
    {"id":"425","Make":"Vapid","Model":"Caracara"},
    {"id":"426","Make":"Vapid","Model":"Chino"},
    {"id":"427","Make":"Vapid","Model":"Chino Custom"},
    {"id":"428","Make":"Vapid","Model":"Clique"},
    {"id":"429","Make":"Vapid","Model":"Clown Van"},
    {"id":"430","Make":"Vapid","Model":"Contender"},
    {"id":"431","Make":"Vapid","Model":"Desert Raid"},
    {"id":"432","Make":"Vapid","Model":"Dominator"},
    {"id":"433","Make":"Vapid","Model":"Dominator GTX"},
    {"id":"434","Make":"Vapid","Model":"Ellie"},
    {"id":"435","Make":"Vapid","Model":"FMJ"},
    {"id":"436","Make":"Vapid","Model":"Flash GT"},
    {"id":"437","Make":"Vapid","Model":"Future Shock Dominator"},
    {"id":"438","Make":"Vapid","Model":"Future Shock Imperator"},
    {"id":"439","Make":"Vapid","Model":"Future Shock Slamvan"},
    {"id":"440","Make":"Vapid","Model":"GB200"},
    {"id":"441","Make":"Vapid","Model":"Guardian"},
    {"id":"442","Make":"Vapid","Model":"Hotknife"},
    {"id":"443","Make":"Vapid","Model":"Hustler"},
    {"id":"444","Make":"Vapid","Model":"Minivan"},
    {"id":"445","Make":"Vapid","Model":"Minivan Custom"},
    {"id":"446","Make":"Vapid","Model":"Nightmare Dominator"},
    {"id":"447","Make":"Vapid","Model":"Nightmare Imperator"},
    {"id":"448","Make":"Vapid","Model":"Nightmare Slamvan"},
    {"id":"449","Make":"Vapid","Model":"Peyote"},
    {"id":"450","Make":"Vapid","Model":"Pibwasser Dominator"},
    {"id":"451","Make":"Vapid","Model":"Police Cruiser"},
    {"id":"452","Make":"Vapid","Model":"Police Interceptor"},
    {"id":"453","Make":"Vapid","Model":"Police Prison Bus"},
    {"id":"454","Make":"Vapid","Model":"Radius"},
    {"id":"455","Make":"Vapid","Model":"Retinue"},
    {"id":"456","Make":"Vapid","Model":"Riata"},
    {"id":"457","Make":"Vapid","Model":"Sadler"},
    {"id":"458","Make":"Vapid","Model":"Sandking SWB"},
    {"id":"459","Make":"Vapid","Model":"Sandking XL"},
    {"id":"460","Make":"Vapid","Model":"Scrap Truck"},
    {"id":"461","Make":"Vapid","Model":"Sheriff Cruiser"},
    {"id":"462","Make":"Vapid","Model":"Slamvan"},
    {"id":"463","Make":"Vapid","Model":"Slamvan Custom"},
    {"id":"464","Make":"Vapid","Model":"Speedo"},
    {"id":"465","Make":"Vapid","Model":"Speedo Custom"},
    {"id":"466","Make":"Vapid","Model":"Stanier"},
    {"id":"467","Make":"Vapid","Model":"Taxi"},
    {"id":"468","Make":"Vapid","Model":"The Liberator"},
    {"id":"469","Make":"Vapid","Model":"Tow Truck"},
    {"id":"470","Make":"Vapid","Model":"Tow Truck Large"},
    {"id":"471","Make":"Vapid","Model":"Trophy Truck"},
    {"id":"472","Make":"Vapid","Model":"Unmarked Cruiser"},
    {"id":"473","Make":"Vapid","Model":"Utility Truck"},
    {"id":"474","Make":"Vulcar","Model":"Fagaloa"},
    {"id":"475","Make":"Vulcar","Model":"Ingot"},
    {"id":"476","Make":"Vulcar","Model":"Warrener"},
    {"id":"477","Make":"Weeny","Model":"Apocalypse Issi"},
    {"id":"478","Make":"Weeny","Model":"Future Shock Issi"},
    {"id":"479","Make":"Weeny","Model":"Issi"},
    {"id":"480","Make":"Weeny","Model":"Issi Classic"},
    {"id":"481","Make":"Weeny","Model":"Nightmare Issi"},
    {"id":"482","Make":"Western Motorcycle Company","Model":"Bagger"},
    {"id":"483","Make":"Western Motorcycle Company","Model":"Cliffhanger"},
    {"id":"484","Make":"Western Motorcycle Company","Model":"Daemon"},
    {"id":"485","Make":"Western Motorcycle Company","Model":"Daemon Custom"},
    {"id":"486","Make":"Western Motorcycle Company","Model":"Gargoyle"},
    {"id":"487","Make":"Western Motorcycle Company","Model":"Nightblade"},
    {"id":"488","Make":"Western Motorcycle Company","Model":"Police Bike"},
    {"id":"489","Make":"Western Motorcycle Company","Model":"Rat Bike"},
    {"id":"490","Make":"Western Motorcycle Company","Model":"Sovereign"},
    {"id":"491","Make":"Western Motorcycle Company","Model":"Wolfsbane"},
    {"id":"492","Make":"Western Motorcycle Company","Model":"Zombie Bobber"},
    {"id":"493","Make":"Western Motorcycle Company","Model":"Zombie Chopper"},
    {"id":"494","Make":"Willard","Model":"Faction"},
    {"id":"495","Make":"Willard","Model":"Faction Custom"},
    {"id":"496","Make":"Willard","Model":"Faction Custom Donk"},
    {"id":"497","Make":"Zirconium","Model":"Journey"},
    {"id":"498","Make":"Zirconium","Model":"Stratum"}
    ]
}
]